{"cameraMode":{"drawMode":0,"name":"Shaded","section":"Shading Mode"},"sceneLighting":true,"audioPlay":false,"sceneViewState":{"m_AlwaysRefresh":false,"showFog":true,"showSkybox":true,"showFlares":true,"showImageEffects":true,"showParticleSystems":true,"showVisualEffectGraphs":true,"m_FxEnabled":true},"in2DMode":false,"pivot":{"x":0.49825653433799746,"y":0.9913024306297302,"z":0.39151453971862795},"rotation":{"x":-0.00026348535902798176,"y":0.5274510979652405,"z":-0.0001622188137844205,"w":-0.8495851159095764},"size":3.6971991062164308,"orthographic":false}